ABC
123CA_JohnDoe,John,Doe,JohnDoe@example.com,1985-05-10
456CA_SarahWilliams,Sarah,Williams,SarahWilliams@example.com,1995-11-30
789CA_DavidTaylor,David,Taylor,DavidTaylor@example.com,1987-09-12
112CA_OliviaLee,Olivia,Lee,OliviaLee@example.com,1996-12-18
445CA_NathanWalker,Nathan,Walker,NathanWalker@example.com,1995-11-30
778CA_AvaKing,Ava,King,AvaKing@example.com,1987-09-12
101CA_LiamTurner,Liam,Turner,LiamTurner@example.com,1996-12-18
433CA_EmmaWalker,Emma,Walker,EmmaWalker@example.com,1996-11-06
766CA_AvaClark,Ava,Clark,AvaClark@example.com,1994-05-03
109CA_OliverThomas,Oliver,Thomas,OliverThomas@example.com,1995-06-30
433CA_SophiaDavis,Sophia,Davis,SophiaDavis@example.com,1987-04-27
766CA_NoahTaylor,Noah,Taylor,NoahTaylor@example.com,1998-07-23
109CA_SophiaRoberts,Sophia,Roberts,SophiaRoberts@example.com,1989-10-20
433CA_LiamMoore,Liam,Moore,LiamMoore@example.com,1990-01-18
766CA_SophiaWright,Sophia,Wright,SophiaWright@example.com,1991-04-15
109CA_EthanLee,Ethan,Lee,EthanLee@example.com,1992-07-13
433CA_EmmaJones,Emma,Jones,EmmaJones@example.com,1993-10-10
433CA_LiamHall,Liam,Hall,LiamHall@example.com,1998-07-16
766CA_AmeliaHoward,Amelia,Howard,AmeliaHoward@example.com,1989-06-15
109CA_HenryJames,Henry,James,HenryJames@example.com,1990-05-12
433CA_HarperBell,Harper,Bell,HarperBell@example.com,1991-04-10
766CA_ElijahReed,Elijah,Reed,ElijahReed@example.com,1992-03-09
109CA_HarperBennett,Harper,Bennett,HarperBennett@example.com,1993-12-06
433CA_HenryBrown,Henry,Brown,HenryBrown@example.com,1994-11-03
766CA_AidenParker,Aiden,Parker,AidenParker@example.com,1995-10-30
109CA_OliviaReed,Olivia,Reed,OliviaReed@example.com,1996-09-29
766CA_LiamMorris,Liam,Morris,LiamMorris@example.com,1991-04-14
109CA_EmmaHarris,Emma,Harris,EmmaHarris@example.com,1992-03-13
433CA_LucasWoodward,Lucas,Woodward,LucasWoodward@example.com,1993-12-09
766CA_MiaBaker,Mia,Baker,MiaBaker@example.com,1994-11-05
109CA_OliverBell,Oliver,Bell,OliverBell@example.com,1995-10-02
433CA_AriaWard,Aria,Ward,AriaWard@example.com,1996-09-30
766CA_OliverClark,Oliver,Clark,OliverClark@example.com,1997-08-27
109CA_AvaCarter,Ava,Carter,AvaCarter@example.com,1998-07-23
433CA_HenryTurner,Henry,Turner,HenryTurner@example.com,1989-06-22
109CA_OliverMorris,Oliver,Morris,OliverMorris@example.com,1994-11-05
433CA_SophiaWoodward,Sophia,Woodward,SophiaWoodward@example.com,1995-10-02
766CA_LucasMorris,Lucas,Morris,LucasMorris@example.com,1996-09-30
109CA_AvaClark,Ava,Clark,AvaClark@example.com,1997-08-27
433CA_HenryWoodward,Henry,Woodward,HenryWoodward@example.com,1998-07-23
766CA_EllaMorris,Ella,Morris,EllaMorris@example.com,1989-06-22
109CA_OliverHarris,Oliver,Harris,OliverHarris@example.com,1990-05-18
433CA_AriaWoodward,Aria,Woodward,AriaWoodward@example.com,1991-04-14
766CA_LiamMorris,Liam,Morris,LiamMorris@example.com,1992-03-13
766CA_OliverClark,Oliver,Clark,OliverClark@example.com,1997-08-27
109CA_EllaHarris,Ella,Harris,EllaHarris@example.com,1998-07-23
433CA_HenryMorris,Henry,Morris,HenryMorris@example.com,1989-06-22
766CA_SophiaClark,Sophia,Clark,SophiaClark@example.com,1990-05-18
109CA_HenryHarris,Henry,Harris,HenryHarris@example.com,1991-04-14
433CA_SophiaHarris,Sophia,Harris,SophiaHarris@example.com,1992-03-13
766CA_HenryHarris,Henry,Harris,HenryHarris@example.com,1993-12-09
109CA_AvaClark,Ava,Clark,AvaClark@example.com,1994-11-05
433CA_LucasMorris,Lucas,Morris,LucasMorris@example.com,1995-10-02
109CA_LucasTurner,Lucas,Turner,LucasTurner@example.com,1990-05-18
433CA_LiamHarris,Liam,Harris,LiamHarris@example.com,1991-04-14
766CA_SophiaHarris,Sophia,Harris,SophiaHarris@example.com,1992-03-13
109CA_HenryMorris,Henry,Morris,HenryMorris@example.com,1993-12-09
433CA_SophiaMorris,Sophia,Morris,SophiaMorris@example.com,1994-11-05
766CA_HenryTurner,Henry,Turner,HenryTurner@example.com,1995-10-02
109CA_AvaTurner,Ava,Turner,AvaTurner@example.com,1996-09-30
433CA_LiamWoodward,Liam,Woodward,LiamWoodward@example.com,1997-08-27
766CA_EllaHarris,Ella,Harris,EllaHarris@example.com,1998-07-23
109CA_SophiaTurner,Sophia,Turner,SophiaTurner@example.com,1989-06-22
433CA_HenryWoodward,Henry,Woodward,HenryWoodward@example.com,1990-05-18
766CA_AvaWoodward,Ava,Woodward,AvaWoodward@example.com,1991-04-14
109CA_LucasWoodward,Lucas,Woodward,LucasWoodward@example.com,1992-03-13
433CA_SophiaMorris,Sophia,Morris,SophiaMorris@example.com,1993-12-09
766CA_HenryTurner,Henry,Turner,HenryTurner@example.com,1994-11-05
109CA_AvaTurner,Ava,Turner,AvaTurner@example.com,1995-10-02
433CA_LiamWoodward,Liam,Woodward,LiamWoodward@example.com,1996-09-30
766CA_EllaHarris,Ella,Harris,EllaHarris@example.com,1997-08-27
109CA_SophiaTurner,Sophia,Turner,SophiaTurner@example.com,1998-07-23
433CA_LucasHarris,Lucas,Harris,LucasHarris@example.com,1992-03-13
766CA_AriaHarris,Aria,Harris,AriaHarris@example.com,1993-12-09
109CA_AvaHarris,Ava,Harris,AvaHarris@example.com,1994-11-05
433CA_AriaWoodward,Aria,Woodward,AriaWoodward@example.com,1996-09-30
766CA_LucasWoodward,Lucas,Woodward,LucasWoodward@example.com,1997-08-27
109CA_SophiaHarris,Sophia,Harris,SophiaHarris@example.com,1989-06-22
433CA_LucasWoodward,Lucas,Woodward,LucasWoodward@example.com,1990-05-18
766CA_AvaWoodward,Ava,Woodward,AvaWoodward@example.com,1991-04-14
123CA_JohnDoe,John,Doe,JohnDoe@example.com,1985-05-10
456CA_SarahWilliams,Sarah,Williams,SarahWilliams@example.com,1995-11-30
789CA_DavidTaylor,David,Taylor,DavidTaylor@example.com,1987-09-12
112CA_OliviaLee,Olivia,Lee,OliviaLee@example.com,1996-12-18
445CA_NathanWalker,Nathan,Walker,NathanWalker@example.com,1995-11-30
778CA_AvaKing,Ava,King,AvaKing@example.com,1987-09-12
101CA_LiamTurner,Liam,Turner,LiamTurner@example.com,1996-12-18
433CA_EmmaWalker,Emma,Walker,EmmaWalker@example.com,1996-11-06
766CA_AvaClark,Ava,Clark,AvaClark@example.com,1994-05-03
109CA_OliverThomas,Oliver,Thomas,OliverThomas@example.com,1995-06-30
433CA_SophiaDavis,Sophia,Davis,SophiaDavis@example.com,1987-04-27
766CA_NoahTaylor,Noah,Taylor,NoahTaylor@example.com,1998-07-23
109CA_SophiaRoberts,Sophia,Roberts,SophiaRoberts@example.com,1989-10-20
433CA_LiamMoore,Liam,Moore,LiamMoore@example.com,1990-01-18
766CA_SophiaWright,Sophia,Wright,SophiaWright@example.com,1991-04-15
109CA_EthanLee,Ethan,Lee,EthanLee@example.com,1992-07-13
433CA_EmmaJones,Emma,Jones,EmmaJones@example.com,1993-10-10
433CA_LiamHall,Liam,Hall,LiamHall@example.com,1998-07-16
766CA_AmeliaHoward,Amelia,Howard,AmeliaHoward@example.com,1989-06-15
109CA_HenryJames,Henry,James,HenryJames@example.com,1990-05-12
433CA_HarperBell,Harper,Bell,HarperBell@example.com,1991-04-10
766CA_ElijahReed,Elijah,Reed,ElijahReed@example.com,1992-03-09
109CA_HarperBennett,Harper,Bennett,HarperBennett@example.com,1993-12-06
433CA_HenryBrown,Henry,Brown,HenryBrown@example.com,1994-11-03
766CA_AidenParker,Aiden,Parker,AidenParker@example.com,1995-10-30
109CA_OliviaReed,Olivia,Reed,OliviaReed@example.com,1996-09-29
766CA_LiamMorris,Liam,Morris,LiamMorris@example.com,1991-04-14
109CA_EmmaHarris,Emma,Harris,EmmaHarris@example.com,1992-03-13
433CA_LucasWoodward,Lucas,Woodward,LucasWoodward@example.com,1993-12-09
766CA_MiaBaker,Mia,Baker,MiaBaker@example.com,1994-11-05
109CA_OliverBell,Oliver,Bell,OliverBell@example.com,1995-10-02
433CA_AriaWard,Aria,Ward,AriaWard@example.com,1996-09-30
