ABC
234TX_AliceSmith,Alice,Smith,AliceSmith@example.com,1992-08-15
567TX_RobertBrown,Robert,Brown,RobertBrown@example.com,1991-07-05
890TX_SophiaAnderson,Sophia,Anderson,SophiaAnderson@example.com,1993-06-28
223TX_AlexanderHarris,Alexander,Harris,AlexanderHarris@example.com,1992-08-15
556TX_EllaLewis,Ella,Lewis,EllaLewis@example.com,1991-07-05
889TX_BenjaminWright,Benjamin,Wright,BenjaminWright@example.com,1993-06-28
212TX_ChloeScott,Chloe,Scott,ChloeScott@example.com,1992-08-15
211TX_ElijahHall,Elijah,Hall,ElijahHall@example.com,1993-09-18
544TX_LiamYoung,Liam,Young,LiamYoung@example.com,1989-07-13
877TX_NoahHarris,Noah,Harris,NoahHarris@example.com,1991-10-12
211TX_EmmaJackson,Emma,Jackson,EmmaJackson@example.com,1992-12-09
544TX_AidenMoore,Aiden,Moore,AidenMoore@example.com,1994-09-05
877TX_EmmaLewis,Emma,Lewis,EmmaLewis@example.com,1995-12-02
211TX_NoahAnderson,Noah,Anderson,NoahAnderson@example.com,1996-03-31
544TX_EmmaBrown,Emma,Brown,EmmaBrown@example.com,1997-06-27
877TX_LiamMiller,Liam,Miller,LiamMiller@example.com,1998-09-24
211TX_SophiaTaylor,Sophia,Taylor,SophiaTaylor@example.com,1989-12-22
544TX_NoahBrown,Noah,Brown,NoahBrown@example.com,1990-03-20
211TX_LucasMartin,Lucas,Martin,LucasMartin@example.com,1994-09-28
544TX_ScarlettAdams,Scarlett,Adams,ScarlettAdams@example.com,1995-10-25
877TX_OliverGreen,Oliver,Green,OliverGreen@example.com,1996-09-24
211TX_ScarlettYoung,Scarlett,Young,ScarlettYoung@example.com,1997-08-21
544TX_WilliamHarris,William,Harris,WilliamHarris@example.com,1998-07-19
877TX_OliviaBrooks,Olivia,Brooks,OliviaBrooks@example.com,1989-06-18
211TX_OliverRivera,Oliver,Rivera,OliverRivera@example.com,1990-05-15
544TX_MiaRoss,Mia,Ross,MiaRoss@example.com,1991-02-12
877TX_HarperCollins,Harper,Collins,HarperCollins@example.com,1992-03-11
211TX_HenryWoodward,Henry,Woodward,HenryWoodward@example.com,1993-12-09
544TX_NoahHill,Noah,Hill,NoahHill@example.com,1997-08-27
877TX_AvaCarter,Ava,Carter,AvaCarter@example.com,1998-07-23
211TX_HenryTurner,Henry,Turner,HenryTurner@example.com,1989-06-22
544TX_ScarlettHarris,Scarlett,Harris,ScarlettHarris@example.com,1990-05-18
877TX_LiamMorris,Liam,Morris,LiamMorris@example.com,1991-04-14
211TX_EllaHarris,Ella,Harris,EllaHarris@example.com,1992-03-13
544TX_LucasWoodward,Lucas,Woodward,LucasWoodward@example.com,1993-12-09
877TX_MiaBaker,Mia,Baker,MiaBaker@example.com,1994-11-05
211TX_OliverBell,Oliver,Bell,OliverBell@example.com,1995-10-02
544TX_AriaWard,Aria,Ward,AriaWard@example.com,1996-09-30
877TX_HenryClark,Henry,Clark,HenryClark@example.com,1990-05-18
211TX_EllaHarris,Ella,Harris,EllaHarris@example.com,1991-04-14
544TX_OliverHarris,Oliver,Harris,OliverHarris@example.com,1992-03-13
877TX_EllaWard,Ella,Ward,EllaWard@example.com,1993-12-09
211TX_OliverMorris,Oliver,Morris,OliverMorris@example.com,1994-11-05
544TX_AriaHarris,Aria,Harris,AriaHarris@example.com,1995-10-02
877TX_LiamTurner,Liam,Turner,LiamTurner@example.com,1996-09-30
211TX_SophiaMorris,Sophia,Morris,SophiaMorris@example.com,1997-08-27
544TX_LucasHarris,Lucas,Harris,LucasHarris@example.com,1998-07-23
877TX_AvaTurner,Ava,Turner,AvaTurner@example.com,1989-06-22
544TX_HenryTurner,Henry,Turner,HenryTurner@example.com,1993-12-09
877TX_SophiaMorris,Sophia,Morris,SophiaMorris@example.com,1994-11-05
211TX_LiamTurner,Liam,Turner,LiamTurner@example.com,1995-10-02
544TX_AvaTurner,Ava,Turner,AvaTurner@example.com,1996-09-30
877TX_LucasMorris,Lucas,Morris,LucasMorris@example.com,1997-08-27
211TX_AvaMorris,Ava,Morris,AvaMorris@example.com,1998-07-23
544TX_LucasClark,Lucas,Clark,LucasClark@example.com,1989-06-22
877TX_EllaTurner,Ella,Turner,EllaTurner@example.com,1990-05-18
211TX_OliverWoodward,Oliver,Woodward,OliverWoodward@example.com,1991-04-14
544TX_EllaTurner,Ella,Turner,EllaTurner@example.com,1992-03-13
877TX_AriaMorris,Aria,Morris,AriaMorris@example.com,1996-09-30
211TX_EllaClark,Ella,Clark,EllaClark@example.com,1997-08-27
544TX_AvaWoodward,Ava,Woodward,AvaWoodward@example.com,1998-07-23
877TX_LucasTurner,Lucas,Turner,LucasTurner@example.com,1989-06-22
211TX_AvaTurner,Ava,Turner,AvaTurner@example.com,1990-05-18
544TX_LiamWoodward,Liam,Woodward,LiamWoodward@example.com,1991-04-14
877TX_EllaMorris,Ella,Morris,EllaMorris@example.com,1992-03-13
211TX_OliverHarris,Oliver,Harris,OliverHarris@example.com,1993-12-09
544TX_AriaHarris,Aria,Harris,AriaHarris@example.com,1994-11-05
877TX_LucasMorris,Lucas,Morris,LucasMorris@example.com,1995-10-02
211TX_LiamMorris,Liam,Morris,LiamMorris@example.com,1996-09-30
544TX_SophiaMorris,Sophia,Morris,SophiaMorris@example.com,1997-08-27
877TX_OliverMorris,Oliver,Morris,OliverMorris@example.com,1998-07-23
211TX_AriaHarris,Aria,Harris,AriaHarris@example.com,1989-06-22
544TX_LiamWoodward,Liam,Woodward,LiamWoodward@example.com,1990-05-18
877TX_EllaMorris,Ella,Morris,EllaMorris@example.com,1991-04-14
211TX_OliverHarris,Oliver,Harris,OliverHarris@example.com,1992-03-13
544TX_AriaHarris,Aria,Harris,AriaHarris@example.com,1993-12-09
877TX_LucasMorris,Lucas,Morris,LucasMorris@example.com,1994-11-05
544TX_SophiaMorris,Sophia,Morris,SophiaMorris@example.com,1989-06-22
877TX_HenryMorris,Henry,Morris,HenryMorris@example.com,1990-05-18
211TX_SophiaTurner,Sophia,Turner,SophiaTurner@example.com,1991-04-14
544TX_HenryMorris,Henry,Morris,HenryMorris@example.com,1993-12-09
877TX_AvaHarris,Ava,Harris,AvaHarris@example.com,1994-11-05
211TX_AriaTurner,Aria,Turner,AriaTurner@example.com,1996-09-30
544TX_SophiaMorris,Sophia,Morris,SophiaMorris@example.com,1997-08-27
877TX_LiamHarris,Liam,Harris,LiamHarris@example.com,1989-06-22
544TX_LiamTurner,Liam,Turner,LiamTurner@example.com,1994-11-05
234TX_AliceSmith,Alice,Smith,AliceSmith@example.com,1992-08-15
567TX_RobertBrown,Robert,Brown,RobertBrown@example.com,1991-07-05
890TX_SophiaAnderson,Sophia,Anderson,SophiaAnderson@example.com,1993-06-28
223TX_AlexanderHarris,Alexander,Harris,AlexanderHarris@example.com,1992-08-15
556TX_EllaLewis,Ella,Lewis,EllaLewis@example.com,1991-07-05
889TX_BenjaminWright,Benjamin,Wright,BenjaminWright@example.com,1993-06-28
212TX_ChloeScott,Chloe,Scott,ChloeScott@example.com,1992-08-15
211TX_ElijahHall,Elijah,Hall,ElijahHall@example.com,1993-09-18
544TX_LiamYoung,Liam,Young,LiamYoung@example.com,1989-07-13
877TX_NoahHarris,Noah,Harris,NoahHarris@example.com,1991-10-12
211TX_EmmaJackson,Emma,Jackson,EmmaJackson@example.com,1992-12-09
544TX_AidenMoore,Aiden,Moore,AidenMoore@example.com,1994-09-05
877TX_EmmaLewis,Emma,Lewis,EmmaLewis@example.com,1995-12-02
211TX_NoahAnderson,Noah,Anderson,NoahAnderson@example.com,1996-03-31
544TX_EmmaBrown,Emma,Brown,EmmaBrown@example.com,1997-06-27
877TX_LiamMiller,Liam,Miller,LiamMiller@example.com,1998-09-24
211TX_SophiaTaylor,Sophia,Taylor,SophiaTaylor@example.com,1989-12-22
544TX_NoahBrown,Noah,Brown,NoahBrown@example.com,1990-03-20
211TX_LucasMartin,Lucas,Martin,LucasMartin@example.com,1994-09-28
544TX_ScarlettAdams,Scarlett,Adams,ScarlettAdams@example.com,1995-10-25
877TX_OliverGreen,Oliver,Green,OliverGreen@example.com,1996-09-24
211TX_ScarlettYoung,Scarlett,Young,ScarlettYoung@example.com,1997-08-21
544TX_WilliamHarris,William,Harris,WilliamHarris@example.com,1998-07-19
877TX_OliviaBrooks,Olivia,Brooks,OliviaBrooks@example.com,1989-06-18
211TX_OliverRivera,Oliver,Rivera,OliverRivera@example.com,1990-05-15
544TX_MiaRoss,Mia,Ross,MiaRoss@example.com,1991-02-12
877TX_HarperCollins,Harper,Collins,HarperCollins@example.com,1992-03-11
211TX_HenryWoodward,Henry,Woodward,HenryWoodward@example.com,1993-12-09
544TX_NoahHill,Noah,Hill,NoahHill@example.com,1997-08-27
877TX_AvaCarter,Ava,Carter,AvaCarter@example.com,1998-07-23
211TX_HenryTurner,Henry,Turner,HenryTurner@example.com,1989-06-22
544TX_ScarlettHarris,Scarlett,Harris,ScarlettHarris@example.com,1990-05-18
877TX_LiamMorris,Liam,Morris,LiamMorris@example.com,1991-04-14
211TX_EllaHarris,Ella,Harris,EllaHarris@example.com,1992-03-13
